Workbook

Sheet How to use
A1: How to use this file
A3: Colour legend
A4: Yellow cells = fill these in (live ad counts, FX rates).
A5: Blue text = hard-coded inputs taken from retailer listings (prices, pack sizes, daily dose).
A6: Black text = formulas; don't overwrite.
A7: Market role colours: green = proven seller in Western Europe · red = competitor already in your 9 countries · blue = US/TikTok trend reference.
A9: Counting live ads (column R on Products)
A10: 1. Click the 'Meta ads: …' link in column I. It opens Meta Ad Library filtered to ACTIVE ads for that brand, all countries.
A11: 2. Read the '~X results' number at the top and type it into column R. Column S labels it automatically (50+ = scaling).
A12: 3. To see whether a brand already advertises in your markets, change the country filter to Poland, Romania, Greece, etc.
A13: 4. Tip: in each brand's ads, look at 'Started running on' dates. Ads running 30+ days are usually profitable.
A15: Example: if Meta shows '~120 results' for Bears with Benefits, enter 120 in R2 and S2 shows 'Scaling (50+ ads)'.
... A21: EUR conversions use the approximate rates on the FX sheet.

Sheet Products
A1: # | B1: Category | C1: Market role | D1: Brand | E1: Product | F1: Market | G1: Retailer | H1: Product link | I1: Meta Ad Library link | J1: Selling price (local) | K1: Currency | L1: Price (EUR) | M1: Pack size (gummies) | N1: Gummies / day | O1: Days of supply | P1: Price per gummy (EUR) | Q1: Cost per day (EUR) | R1: Live Meta ads (count) | S1: Ads signal | T1: Key ingredients / dose | U1: Owner / parent company | V1: Notes & sales signals
A2: 1 | B2: Women's hormone | C2: West – proof | D2: Bears with Benefits | E2: Femtastic PMS Vitamins (60 bears) | F2: DE | G2: Vitalabo | H2: https://www.vitalabo.com/bears-with-benefits/femtastic-pms-vitamins | I2: Meta ads: Bears with Benefits | K2: EUR | L2: =IF(J2="","",J2*INDEX(FX!$B$5:$B$11,MATCH(K2,FX!$A$5:$A$11,0))) | M2: 60 | N2: 2 | O2: =IFERROR(M2/N2,"") -> 30 | P2: =IFERROR(L2/M2,"") | Q2: =IFERROR(L2/O2,"") | S2: =IF(R2="","Not counted yet",IF(R2>=50,"Scaling (50+ ads)",IF(R2>=10,"Active testing (10–49)",IF(R2>=1,"Low (1–9)","No live ads")))) -> Not counted yet | T2: Vitamin B6, chasteberry, lemon balm, dong quai | U2: Havea Group (FR) | V2: Europe's gummy market leader within 4 years of its 2018 founding. Sold in DE/AT/CH/IT/FR/ES/NL/UK; none of the 9 target countries. Out of stock at Vitalabo, so no price shown. FR version: 'Femmtastique SPM' (90 units).
A3: 2 | B3: Women's hormone | C3: West – proof | D3: Manhaé (Vitavea) | E3: Ménopause Gummies | F3: FR | G3: Redcare Pharmacie | H3: https://www.redcare-pharmacie.fr/hygiene-et-sante/F00421412/manhae-menopause-gummies.htm | I3: Meta ads: Manhaé | J3: 19.19 | K3: EUR | L3: =IF(J3="","",J3*INDEX(FX!$B$5:$B$11,MATCH(K3,FX!$A$5:$A$11,0))) -> 19.19 | M3: 60 | N3: 2 | O3: =IFERROR(M3/N3,"") -> 30 | P3: =IFERROR(L3/M3,"") -> 0.31983333 | Q3: =IFERROR(L3/O3,"") -> 0.63966667 | S3: =IF(R3="","Not counted yet",IF(R3>=50,"Scaling (50+ ads)",IF(R3>=10,"Active testing (10–49)",IF(R3>=1,"Low (1–9)","No live ads")))) -> Not counted yet | T3: Pollen extract, vitamin E, vitamin B2 (hormone-free) | U3: Havea Group (FR) | V3: Same owner as Bears with Benefits. Other FR prices: €19.90 (lasante.net), €16.99 (pharmashopdiscount).
A4: 3 | B4: Women's hormone | C4: CEE – competitor | D4: Manhaé (Vitavea) | E4: Menopause Gummies, 60 jeleuri | F4: RO | G4: Dr.Max RO | H4: https://www.drmax.ro/menopause-gummies-manhae-60-jeleuri-vitavea | I4: Meta ads: Manhaé | J4: 105.49 | K4: RON | L4: =IF(J4="","",J4*INDEX(FX!$B$5:$B$11,MATCH(K4,FX!$A$5:$A$11,0))) -> 21.098 | M4: 60 | N4: 2 | O4: =IFERROR(M4/N4,"") -> 30 | P4: =IFERROR(L4/M4,"") -> 0.35163333 | Q4: =IFERROR(L4/O4,"") -> 0.70326667 | S4: =IF(R4="","Not counted yet",IF(R4>=50,"Scaling (50+ ads)",IF(R4>=10,"Active testing (10–49)",IF(R4>=1,"Low (1–9)","No live ads")))) -> Not counted yet | T4: Pollen extract, vitamin E, vitamin B2 | U4: Havea Group (FR) | V4: The only menopause gummy found in Romania. Single imported SKU, no local brand.
A5: 4 | B5: Women's hormone | C5: West – proof | D5: Mummy Gummy | E5: Menopause, 60 gummies | F5: UK | G5: ecco-verde UK | H5: https://www.ecco-verde.co.uk/mummy-gummy/menopause-2 | I5: Meta ads: Mummy Gummy | J5: 11.95 | K5: GBP | L5: =IF(J5="","",J5*INDEX(FX!$B$5:$B$11,MATCH(K5,FX!$A$5:$A$11,0))) -> 13.9815 | M5: 60 | N5: 2 | O5: =IFERROR(M5/N5,"") -> 30 | P5: =IFERROR(L5/M5,"") -> 0.233025 | Q5: =IFERROR(L5/O5,"") -> 0.46605 | S5: =IF(R5="","Not counted yet",IF(R5>=50,"Scaling (50+ ads)",IF(R5>=10,"Active testing (10–49)",IF(R5>=1,"Low (1–9)","No live ads")))) -> Not counted yet | T5: Angelica, chasteberry, lemon balm, vitamin B6 | U5: Independent | V5: Also £11.40 on another listing. Sister SKU: Mummy Gummy PMS.
A6: 5 | B6: Women's hormone | C6: West – proof | D6: Mummy Gummy | E6: PMS, 60 gummies | F6: UK | G6: ecco-verde UK | H6: https://ecco-verde.co.uk/mummy-gummy/pms-2 | I6: Meta ads: Mummy Gummy | K6: GBP | L6: =IF(J6="","",J6*INDEX(FX!$B$5:$B$11,MATCH(K6,FX!$A$5:$A$11,0))) | M6: 60 | O6: =IFERROR(M6/N6,"") | P6: =IFERROR(L6/M6,"") | Q6: =IFERROR(L6/O6,"") | S6: =IF(R6="","Not counted yet",IF(R6>=50,"Scaling (50+ ads)",IF(R6>=10,"Active testing (10–49)",IF(R6>=1,"Low (1–9)","No live ads")))) -> Not counted yet | T6: PMS blend | U6: Independent | V6: Price not captured in search results; check the link.
A7: 6 | B7: Women's hormone | C7: CEE – competitor | D7: ZOE Wellness | E7: PMS-B6 (CAPSULES, not gummy) | F7: PL | G7: Notino PL | H7: https://www.notino.pl/zoe/pms-b6-kapsulki-do-wsparcia-rownowagi-hormonalnej/ | I7: Meta ads: ZOE PMS-B6 | J7: 119.8 | K7: PLN | L7: =IF(J7="","",J7*INDEX(FX!$B$5:$B$11,MATCH(K7,FX!$A$5:$A$11,0))) -> 28.153 | M7: 60 | O7: =IFERROR(M7/N7,"") | P7: =IFERROR(L7/M7,"") -> 0.46921667 | Q7: =IFERROR(L7/O7,"") | S7: =IF(R7="","Not counted yet",IF(R7>=50,"Scaling (50+ ads)",IF(R7>=10,"Active testing (10–49)",IF(R7>=1,"Low (1–9)","No live ads")))) -> Not counted yet | T7: Vitamin B6, plant extracts, D3, B1–B3, Ca, Mg, Fe, Cu, Zn | U7: Independent | V7: Shows Polish women already pay ~€28 for PMS support, but only in capsules. No PMS gummy found in PL. Pack size taken from the DE listing (60 caps).
A8: 7 | B8: Lion's mane | C8: West – proof | D8: fourfive | E8: Focus & Energy Lion's Mane 4000mg | F8: UK | G8: Holland & Barrett | H8: https://www.hollandandbarrett.com/shop/product/fourfive-focus-energy-lion-s-mane-4000mg-60-gummies-6100003656 | I8: Meta ads: fourfive | J8: 25.99 | K8: GBP | L8: =IF(J8="","",J8*INDEX(FX!$B$5:$B$11,MATCH(K8,FX!$A$5:$A$11,0))) -> 30.4083 | M8: 60 | O8: =IFERROR(M8/N8,"") | P8: =IFERROR(L8/M8,"") -> 0.506805 | Q8: =IFERROR(L8/O8,"") | S8: =IF(R8="","Not counted yet",IF(R8>=50,"Scaling (50+ ads)",IF(R8>=10,"Active testing (10–49)",IF(R8>=1,"Low (1–9)","No live ads")))) -> Not counted yet | T8: Lion's mane 4000mg equivalent | U8: Independent (UK) | V8: IE site: £21.10 (was £31.50).
A9: 8 | B9: Lion's mane | C9: West – proof | D9: Nutrigums | E9: Lion's Mane Complex | F9: UK | G9: Holland & Barrett | H9: https://www.hollandandbarrett.com/shop/product/nutrigums-lion-s-mane-complex-60-gummies-6100017092 | I9: Meta ads: Nutrigums | J9: 17.99 | K9: GBP | L9: =IF(J9="","",J9*INDEX(FX!$B$5:$B$11,MATCH(K9,FX!$A$5:$A$11,0))) -> 21.0483 | M9: 60 | O9: =IFERROR(M9/N9,"") | P9: =IFERROR(L9/M9,"") -> 0.350805 | Q9: =IFERROR(L9/O9,"") | S9: =IF(R9="","Not counted yet",IF(R9>=50,"Scaling (50+ ads)",IF(R9>=10,"Active testing (10–49)",IF(R9>=1,"Low (1–9)","No live ads")))) -> Not counted yet | T9: Lion's mane complex, vegan | U9: Independent (UK)
A10: 9 | B10: Lion's mane | C10: West – proof | D10: Starpowa | E10: Lion's Mane 500mg | F10: UK | G10: Holland & Barrett | H10: https://hollandandbarrett.com/shop/product/starpowa-lion-s-mane-500mg-60-gummies-6100001690 | I10: Meta ads: Starpowa | K10: GBP | L10: =IF(J10="","",J10*INDEX(FX!$B$5:$B$11,MATCH(K10,FX!$A$5:$A$11,0))) | M10: 60 | O10: =IFERROR(M10/N10,"") | P10: =IFERROR(L10/M10,"") | Q10: =IFERROR(L10/O10,"") | S10: =IF(R10="","Not counted yet",IF(R10>=50,"Scaling (50+ ads)",IF(R10>=10,"Active testing (10–49)",IF(R10>=1,"Low (1–9)","No live ads")))) -> Not counted yet | T10: Lion's mane 500mg | U10: Independent (UK) | V10: Price not captured; check the link. Starpowa also makes sea moss gummies.
A11: 10 | B11: Lion's mane | C11: West – proof | D11: New Leaf | E11: Lions Mane Gummies + Vit C & B5 | F11: UK | G11: Superdrug | H11: https://www.superdrug.com/health/vitamins-supplements/multi-vitamins/new-leaf-lions-mane-gummies-with-vitamin-c-b5-60-fill/p/mp-00471066 | I11: Meta ads: New Leaf Products | J11: 12.95 | K11: GBP | L11: =IF(J11="","",J11*INDEX(FX!$B$5:$B$11,MATCH(K11,FX!$A$5:$A$11,0))) -> 15.1515 | M11: 60 | O11: =IFERROR(M11/N11,"") | P11: =IFERROR(L11/M11,"") -> 0.252525 | Q11: =IFERROR(L11/O11,"") | S11: =IF(R11="","Not counted yet",IF(R11>=50,"Scaling (50+ ads)",IF(R11>=10,"Active testing (10–49)",IF(R11>=1,"Low (1–9)","No live ads")))) -> Not counted yet | T11: Lion's mane, vitamin C, B5 | U11: Independent (UK) | V11: Made in the UK. Superdrug runs a 3-for-20%-off promo.
A12: 11 | B12: Lion's mane | C12: West – proof | D12: Myvitamins (Myprotein) | E12: Lion's Mane Gummies (mushroom) | F12: UK / EU | G12: Myprotein IE | H12: https://myprotein.ie/p/sports-nutrition/mushroom-gummies-lion-s-mane-reishi/15726883 | I12: Meta ads: Myprotein | J12: 24.99 | K12: GBP | L12: =IF(J12="","",J12*INDEX(FX!$B$5:$B$11,MATCH(K12,FX!$A$5:$A$11,0))) -> 29.2383 | M12: 60 | O12: =IFERROR(M12/N12,"") | P12: =IFERROR(L12/M12,"") -> 0.487305 | Q12: =IFERROR(L12/O12,"") | S12: =IF(R12="","Not counted yet",IF(R12>=50,"Scaling (50+ ads)",IF(R12>=10,"Active testing (10–49)",IF(R12>=1,"Low (1–9)","No live ads")))) -> Not counted yet | T12: Lion's mane extract 500mg + zinc | U12: THG (UK) | V12: RRP. Myprotein ships across the EU, so it could compete cross-border in CEE. Not confirmed on myprotein.pl/.cz/.ro.
A13: 12 | B13: Lion's mane | C13: CEE – competitor | D13: Kompava | E13: Memo Gummies 180mg | F13: CZ / SK | G13: Dr.Max CZ | H13: https://www.drmax.cz/kompava-memo-gummies-180-mg-60-cukrikov | I13: Meta ads: Kompava | K13: EUR | L13: =IF(J13="","",J13*INDEX(FX!$B$5:$B$11,MATCH(K13,FX!$A$5:$A$11,0))) | M13: 60 | O13: =IFERROR(M13/N13,"") | P13: =IFERROR(L13/M13,"") | Q13: =IFERROR(L13/O13,"") | S13: =IF(R13="","Not counted yet",IF(R13>=50,"Scaling (50+ ads)",IF(R13>=10,"Active testing (10–49)",IF(R13>=1,"Low (1–9)","No live ads")))) -> Not counted yet | T13: Lion's mane extract (≈2,000mg dried), B vitamins, vitamin C, sugar-free | U13: Kompava (SK) | V13: The only lion's mane gummy found in your 9 countries. A reseller lists it at 20.99, currency unclear, so it was left blank.
A14: 13 | B14: Sea moss | C14: West – proof | D14: Holland & Barrett | E14: Sea Moss Apple 1000mg | F14: UK | G14: Holland & Barrett | H14: https://www.hollandandbarrett.com/shop/product/holland-barrett-sea-moss-apple-flavour-1000mg-60-gummies-6100022478 | I14: Meta ads: Holland & Barrett | J14: 16.99 | K14: GBP | L14: =IF(J14="","",J14*INDEX(FX!$B$5:$B$11,MATCH(K14,FX!$A$5:$A$11,0))) -> 19.8783 | M14: 60 | O14: =IFERROR(M14/N14,"") | P14: =IFERROR(L14/M14,"") -> 0.331305 | Q14: =IFERROR(L14/O14,"") | S14: =IF(R14="","Not counted yet",IF(R14>=50,"Scaling (50+ ads)",IF(R14>=10,"Active testing (10–49)",IF(R14>=1,"Low (1–9)","No live ads")))) -> Not counted yet | T14: Sea moss 1000mg | U14: Holland & Barrett (own label) | V14: H&B named sea moss its best-selling product of the year. Buy-1-get-1-free offer.
A15: 14 | B15: Sea moss | C15: West – proof | D15: Starpowa | E15: Cleanse Sea Moss 1000mg | F15: IE | G15: Holland & Barrett IE | H15: https://www.hollandandbarrett.ie/shop/product/starpowa-sea-moss-1000mg-60-gummies-6100001689 | I15: Meta ads: Starpowa | J15: 19.99 | K15: GBP | L15: =IF(J15="","",J15*INDEX(FX!$B$5:$B$11,MATCH(K15,FX!$A$5:$A$11,0))) -> 23.3883 | M15: 60 | O15: =IFERROR(M15/N15,"") | P15: =IFERROR(L15/M15,"") -> 0.389805 | Q15: =IFERROR(L15/O15,"") | S15: =IF(R15="","Not counted yet",IF(R15>=50,"Scaling (50+ ads)",IF(R15>=10,"Active testing (10–49)",IF(R15>=1,"Low (1–9)","No live ads")))) -> Not counted yet | T15: Sea moss 1000mg, vegan | U15: Independent (UK) | V15: Sale price; RRP £39.99. Rated 3.8★.
A16: 15 | B16: Shilajit | C16: West – proof | D16: Granions | E16: Shilajit Gummies 800mg | F16: FR | G16: Redcare Pharmacie | H16: https://www.redcare-pharmacie.fr/hygiene-et-sante/F00572690/granions-shilajit.htm | I16: Meta ads: Granions | J16: 18.69 | K16: EUR | L16: =IF(J16="","",J16*INDEX(FX!$B$5:$B$11,MATCH(K16,FX!$A$5:$A$11,0))) -> 18.69 | M16: 60 | O16: =IFERROR(M16/N16,"") | P16: =IFERROR(L16/M16,"") -> 0.3115 | Q16: =IFERROR(L16/O16,"") | S16: =IF(R16="","Not counted yet",IF(R16>=50,"Scaling (50+ ads)",IF(R16>=10,"Active testing (10–49)",IF(R16>=1,"Low (1–9)","No live ads")))) -> Not counted yet | T16: Shilajit 800mg (50% fulvic), ashwagandha, zinc, B6, B12 | U16: Laboratoire des Granions (FR) | V16: Contains ashwagandha, which is restricted in some EU states. 2×60 €36.69, 3×60 €52.29.
A17: 16 | B17: Shilajit | C17: West – proof | D17: Canitat | E17: Shilajit & Ashwagandha Gummies | F17: DE | G17: DocMorris | H17: https://www.docmorris.de/shilajit-ashwagandha-gummies-von-canitat-m/FPCPZ9TM | I17: Meta ads: Canitat | K17: EUR | L17: =IF(J17="","",J17*INDEX(FX!$B$5:$B$11,MATCH(K17,FX!$A$5:$A$11,0))) | M17: 60 | N17: 2 | O17: =IFERROR(M17/N17,"") -> 30 | P17: =IFERROR(L17/M17,"") | Q17: =IFERROR(L17/O17,"") | S17: =IF(R17="","Not counted yet",IF(R17>=50,"Scaling (50+ ads)",IF(R17>=10,"Active testing (10–49)",IF(R17>=1,"Low (1–9)","No live ads")))) -> Not counted yet | T17: Shilajit 1000mg + ashwagandha 500mg per 2 gummies, sugar-free | U17: Independent (DE) | V17: Price not captured; check the link.
A18: 17 | B18: Shilajit | C18: CEE – competitor | D18: Unbranded / marketplace | E18: Shilajit Gummies High Dose (Himalaya) | F18: PL / CZ | G18: Kaufland.pl marketplace | H18: https://www.kaufland.pl/product/539162050/ | I18: Meta ads: shilajit gummies | J18: 120.22 | K18: PLN | L18: =IF(J18="","",J18*INDEX(FX!$B$5:$B$11,MATCH(K18,FX!$A$5:$A$11,0))) -> 28.2517 | M18: 60 | N18: 2 | O18: =IFERROR(M18/N18,"") -> 30 | P18: =IFERROR(L18/M18,"") -> 0.47086167 | Q18: =IFERROR(L18/O18,"") -> 0.94172333 | S18: =IF(R18="","Not counted yet",IF(R18>=50,"Scaling (50+ ads)",IF(R18>=10,"Active testing (10–49)",IF(R18>=1,"Low (1–9)","No live ads")))) -> Not counted yet | T18: Shilajit 1600mg/day, Tibetan berries, vegan, sugar-free | U18: Marketplace seller (made in DE) | V18: List price 204.98 zł, promos 84.76–120.22 zł. Also listed on kaufland.cz. Weak brand.
A19: 18 | B19: Shilajit | C19: CEE – competitor | D19: GNC / BetterAlt | E19: Pure Himalayan Shilajit Gummies | F19: RO | G19: Dr.Max RO | H19: https://www.drmax.ro/jeleuri-de-shilajit-din-himalaya-pure-himalayan-shilajit-gummies-betteralt-60-jeleuri-gnc | I19: Meta ads: BetterAlt | J19: 374.99 | K19: RON | L19: =IF(J19="","",J19*INDEX(FX!$B$5:$B$11,MATCH(K19,FX!$A$5:$A$11,0))) -> 74.998 | M19: 60 | O19: =IFERROR(M19/N19,"") | P19: =IFERROR(L19/M19,"") -> 1.2499667 | Q19: =IFERROR(L19/O19,"") | S19: =IF(R19="","Not counted yet",IF(R19>=50,"Scaling (50+ ads)",IF(R19>=10,"Active testing (10–49)",IF(R19>=1,"Low (1–9)","No live ads")))) -> Not counted yet | T19: Himalayan shilajit | U19: GNC (US import) | V19: Very expensive import, which leaves room for an affordable local brand.
A20: 19 | B20: Shilajit | C20: Global trend (US) | D20: Clean Nutra | E20: Shilajit + Sea Moss + Ashwagandha + Lion's Mane | F20: US | G20: TikTok Shop | H20: https://shop.tiktok.com/us/pdp/shilajit-gummies-with-sea-moss-ashwagandha-lion-s-mane/1731898657011568794 | I20: Meta ads: Clean Nutra | K20: USD | L20: =IF(J20="","",J20*INDEX(FX!$B$5:$B$11,MATCH(K20,FX!$A$5:$A$11,0))) | O20: =IFERROR(M20/N20,"") | P20: =IFERROR(L20/M20,"") | Q20: =IFERROR(L20/O20,"") | S20: =IF(R20="","Not counted yet",IF(R20>=50,"Scaling (50+ ads)",IF(R20>=10,"Active testing (10–49)",IF(R20>=1,"Low (1–9)","No live ads")))) -> Not counted yet | T20: Shilajit, sea moss, ashwagandha, lion's mane | U20: Independent (US) | V20: 1.6M units sold on TikTok Shop (seller page). Shows the scale the trend can reach.
A21: 20 | B21: Shilajit | C21: Global trend (US) | D21: Inner Brightness | E21: Himalayan Shilajit Gummies 600mg | F21: US | G21: TikTok Shop | H21: https://www.tiktokshop.com/pdp/himalayan-shilajit-gummies-by-inner-brightness-600mg-vegan-gluten-free-energy-booster/1731134527223337593 | I21: Meta ads: Inner Brightness | J21: 17.99 | K21: USD | L21: =IF(J21="","",J21*INDEX(FX!$B$5:$B$11,MATCH(K21,FX!$A$5:$A$11,0))) -> 16.5508 | M21: 60 | O21: =IFERROR(M21/N21,"") | P21: =IFERROR(L21/M21,"") -> 0.27584667 | Q21: =IFERROR(L21/O21,"") | S21: =IF(R21="","Not counted yet",IF(R21>=50,"Scaling (50+ ads)",IF(R21>=10,"Active testing (10–49)",IF(R21>=1,"Low (1–9)","No live ads")))) -> Not counted yet | T21: Shilajit 600mg, vegan | U21: Independent (US) | V21: 10% off from $19.99. Price benchmark for the US TikTok market.
A22: 21 | B22: Colostrum | C22: West – proof | D22: Lemme | E22: Colostrum Gummies | F22: UK (import) | G22: GlamGlobal UK | H22: https://glamglobal.co.uk/products/lemme-colostrum-gummies-60-gummies-gut-health-digestion-immunity-support-with-vitamin-d3 | I22: Meta ads: Lemme | K22: GBP | L22: =IF(J22="","",J22*INDEX(FX!$B$5:$B$11,MATCH(K22,FX!$A$5:$A$11,0))) | M22: 60 | O22: =IFERROR(M22/N22,"") | P22: =IFERROR(L22/M22,"") | Q22: =IFERROR(L22/O22,"") | S22: =IF(R22="","Not counted yet",IF(R22>=50,"Scaling (50+ ads)",IF(R22>=10,"Active testing (10–49)",IF(R22>=1,"Low (1–9)","No live ads")))) -> Not counted yet | T22: Colostrum isolate + vitamin D3 | U22: Lemme (US, Kourtney Kardashian) | V22: Early trend: US brand reaching the UK through importers. Price not captured.
A23: 22 | B23: Electrolyte | C23: West – proof | D23: Plant People | E23: WonderHydrate Electrolyte Gummies | F23: UK | G23: Live in the Light | H23: https://liveinthelight.co.uk/products/wonderhydrate-electrolyte-gummies | I23: Meta ads: Plant People WonderHydrate | J23: 24.51 | K23: GBP | L23: =IF(J23="","",J23*INDEX(FX!$B$5:$B$11,MATCH(K23,FX!$A$5:$A$11,0))) -> 28.6767 | M23: 42 | N23: 2 | O23: =IFERROR(M23/N23,"") -> 21 | P23: =IFERROR(L23/M23,"") -> 0.68277857 | Q23: =IFERROR(L23/O23,"") -> 1.3655571 | S23: =IF(R23="","Not counted yet",IF(R23>=50,"Scaling (50+ ads)",IF(R23>=10,"Active testing (10–49)",IF(R23>=1,"Low (1–9)","No live ads")))) -> Not counted yet | T23: Electrolytes, zero sugar, lychee | U23: Plant People (US) | V23: 42 gummies = 21-day supply. $29.99 in the US.
A24: 23 | B24: Electrolyte | C24: West – proof | D24: The Bytes Company | E24: Hydrate Bytes (watermelon-kiwi) | F24: UK | G24: John Bell & Croyden | H24: https://johnbellcroyden.co.uk/products/the-bytes-company-hydrate-bytes-60-watermelon-kiwi-gummies | I24: Meta ads: Hydrate Bytes | K24: GBP | L24: =IF(J24="","",J24*INDEX(FX!$B$5:$B$11,MATCH(K24,FX!$A$5:$A$11,0))) | M24: 60 | O24: =IFERROR(M24/N24,"") | P24: =IFERROR(L24/M24,"") | Q24: =IFERROR(L24/O24,"") | S24: =IF(R24="","Not counted yet",IF(R24>=50,"Scaling (50+ ads)",IF(R24>=10,"Active testing (10–49)",IF(R24>=1,"Low (1–9)","No live ads")))) -> Not counted yet | T24: Vitamin C, magnesium, potassium, salt, vegan | U24: Independent (made in DE) | V24: Price not captured; check the link.
A25: 24 | B25: Beauty / hair | C25: West – proof | D25: Bears with Benefits | E25: Ah-mazing Hair Vitamin (biotin, sugar-free) | F25: AT | G25: dm Austria | H25: https://www.dm.at/p/d/1580777/bears-with-benefits-ah-mazing-hair-vitamin-biotin-gummibaerchen | I25: Meta ads: Bears with Benefits | J25: 14.9 | K25: EUR | L25: =IF(J25="","",J25*INDEX(FX!$B$5:$B$11,MATCH(K25,FX!$A$5:$A$11,0))) -> 14.9 | M25: 45 | O25: =IFERROR(M25/N25,"") | P25: =IFERROR(L25/M25,"") -> 0.33111111 | Q25: =IFERROR(L25/O25,"") | S25: =IF(R25="","Not counted yet",IF(R25>=50,"Scaling (50+ ads)",IF(R25>=10,"Active testing (10–49)",IF(R25>=1,"Low (1–9)","No live ads")))) -> Not counted yet | T25: Biotin, zinc, sugar-free | U25: Havea Group (FR) | V25: 60-bear version €24.99 at Vitalabo. Benchmark for a femhealth brand's hair SKU.
A26: 25 | B26: Beauty / hair | C26: West – proof | D26: Lashilé Beauty | E26: Good Hair (sugar-free) | F26: CH | G26: Manor | H26: https://www.manor.ch/fr/p/10002546616 | I26: Meta ads: Lashilé | J26: 33.95 | K26: CHF | L26: =IF(J26="","",J26*INDEX(FX!$B$5:$B$11,MATCH(K26,FX!$A$5:$A$11,0))) -> 36.3265 | M26: 60 | O26: =IFERROR(M26/N26,"") | P26: =IFERROR(L26/M26,"") -> 0.60544167 | Q26: =IFERROR(L26/O26,"") | S26: =IF(R26="","Not counted yet",IF(R26>=50,"Scaling (50+ ads)",IF(R26>=10,"Active testing (10–49)",IF(R26>=1,"Low (1–9)","No live ads")))) -> Not counted yet | T26: Biotin, zinc, B6, horsetail, bilberry leaf | U26: Cooper Consumer Health (FR) | V26: #3 in French gummies (7.9% share). Around €18.27 discounted in FR. No CEE presence found.
A27: 26 | B27: Creatine (crowded) | C27: West – proof | D27: Novomins | E27: Creatine 5000mg Strawberry, sugar-free | F27: UK | G27: Holland & Barrett | H27: https://www.hollandandbarrett.com/shop/product/strawberry-flavoured-creatine-gummies-food-supplement-with-sugar-ansd-sweetener-90-6100007176 | I27: Meta ads: Novomins | J27: 24.99 | K27: GBP | L27: =IF(J27="","",J27*INDEX(FX!$B$5:$B$11,MATCH(K27,FX!$A$5:$A$11,0))) -> 29.2383 | M27: 90 | N27: 3 | O27: =IFERROR(M27/N27,"") -> 30 | P27: =IFERROR(L27/M27,"") -> 0.32487 | Q27: =IFERROR(L27/O27,"") -> 0.97461 | S27: =IF(R27="","Not counted yet",IF(R27>=50,"Scaling (50+ ads)",IF(R27>=10,"Active testing (10–49)",IF(R27>=1,"Low (1–9)","No live ads")))) -> Not counted yet | T27: Creatine monohydrate 5g/day | U27: Novomins (UK) | V27: €26.95 in Ireland. Category is already crowded in CEE; listed as a benchmark only.
A28: 27 | B28: Creatine (crowded) | C28: CEE – competitor | D28: GymBeam | E28: Creatine Yummies | F28: PL (+ all 9) | G28: Notino PL | H28: https://www.notino.pl/gymbeam/creatine-yummies-zelki-wsparcie-wydolnosci-treningowej/ | I28: Meta ads: GymBeam | K28: PLN | L28: =IF(J28="","",J28*INDEX(FX!$B$5:$B$11,MATCH(K28,FX!$A$5:$A$11,0))) | O28: =IFERROR(M28/N28,"") | P28: =IFERROR(L28/M28,"") | Q28: =IFERROR(L28/O28,"") | S28: =IF(R28="","Not counted yet",IF(R28>=50,"Scaling (50+ ads)",IF(R28>=10,"Active testing (10–49)",IF(R28>=1,"Low (1–9)","No live ads")))) -> Not counted yet | T28: Creatine monohydrate 3g/serving | U28: GymBeam (SK) | V28: GymBeam operates in all 9 target countries. Price not captured.
A29: 28 | B29: Creatine (crowded) | C29: CEE – competitor | D29: Swanson | E29: Creatine Monohydrate, Berry Punch | F29: PL | G29: Media Expert | H29: https://www.mediaexpert.pl/sport-i-rekreacja/suplementy-na-silownie/kreatyna/monohydrat-kreatyny-swanson-jagodowy-poncz-120-zelek | I29: Meta ads: Swanson creatine gummies | J29: 110.4 | K29: PLN | L29: =IF(J29="","",J29*INDEX(FX!$B$5:$B$11,MATCH(K29,FX!$A$5:$A$11,0))) -> 25.944 | M29: 120 | N29: 5 | O29: =IFERROR(M29/N29,"") -> 24 | P29: =IFERROR(L29/M29,"") -> 0.2162 | Q29: =IFERROR(L29/O29,"") -> 1.081 | S29: =IF(R29="","Not counted yet",IF(R29>=50,"Scaling (50+ ads)",IF(R29>=10,"Active testing (10–49)",IF(R29>=1,"Low (1–9)","No live ads")))) -> Not counted yet | T29: Creatine monohydrate | U29: Swanson (US) | V29: Calculated from the listed 0.92 zł per gummy × 120.
A30: 29 | B30: Creatine (crowded) | C30: CEE – competitor | D30: AlphaBear | E30: Creatine Monohydrate 5000mg, Berry | F30: PL | G30: Kaufland.pl | H30: https://www.kaufland.pl/product/555595291/ | I30: Meta ads: AlphaBear creatine | J30: 125 | K30: PLN | L30: =IF(J30="","",J30*INDEX(FX!$B$5:$B$11,MATCH(K30,FX!$A$5:$A$11,0))) -> 29.375 | M30: 90 | N30: 3 | O30: =IFERROR(M30/N30,"") -> 30 | P30: =IFERROR(L30/M30,"") -> 0.32638889 | Q30: =IFERROR(L30/O30,"") -> 0.97916667 | S30: =IF(R30="","Not counted yet",IF(R30>=50,"Scaling (50+ ads)",IF(R30>=10,"Active testing (10–49)",IF(R30>=1,"Low (1–9)","No live ads")))) -> Not counted yet | T30: Creatine monohydrate 5g/day, vegan | U30: AlphaBear (DE) | V30: Also sold on kaufland.de.

Sheet Opportunity Summary
A1: Category | B1: West products tracked | C1: CEE competitors found | D1: Avg West price / gummy (EUR) | E1: Avg CEE price / gummy (EUR) | F1: Total live Meta ads counted | G1: Verdict for your 9 countries | H1: Why
A2: Women's hormone | B2: =COUNTIFS(Products!$B$2:$B$30,A2,Products!$C$2:$C$30,"West – proof") -> 4 | C2: =COUNTIFS(Products!$B$2:$B$30,A2,Products!$C$2:$C$30,"CEE – competitor") -> 2 | D2: =IFERROR(AVERAGEIFS(Products!$P$2:$P$30,Products!$B$2:$B$30,A2,Products!$C$2:$C$30,"West – proof"),"–") -> 0.27642917 | E2: =IFERROR(AVERAGEIFS(Products!$P$2:$P$30,Products!$B$2:$B$30,A2,Products!$C$2:$C$30,"CEE – competitor"),"–") -> 0.410425 | F2: =IF(COUNTIFS(Products!$B$2:$B$30,A2,Products!$R$2:$R$30,"<>")=0,"Not counted yet",SUMIFS(Products!$R$2:$R$30,Products!$B$2:$B$30,A2)) -> Not counted yet | G2: BEST OPPORTUNITY | H2: Europe's gummy market leader (Bears with Benefits) and Manhaé are not in CEE. Only one menopause gummy in RO and no PMS gummy in PL (capsules only).
A3: Lion's mane | B3: =COUNTIFS(Products!$B$2:$B$30,A3,Products!$C$2:$C$30,"West – proof") -> 5 | C3: =COUNTIFS(Products!$B$2:$B$30,A3,Products!$C$2:$C$30,"CEE – competitor") -> 1 | D3: =IFERROR(AVERAGEIFS(Products!$P$2:$P$30,Products!$B$2:$B$30,A3,Products!$C$2:$C$30,"West – proof"),"–") -> 0.39936 | E3: =IFERROR(AVERAGEIFS(Products!$P$2:$P$30,Products!$B$2:$B$30,A3,Products!$C$2:$C$30,"CEE – competitor"),"–") -> – | F3: =IF(COUNTIFS(Products!$B$2:$B$30,A3,Products!$R$2:$R$30,"<>")=0,"Not counted yet",SUMIFS(Products!$R$2:$R$30,Products!$B$2:$B$30,A3)) -> Not counted yet | G3: STRONG | H3: Many UK brands on shelf at H&B and Superdrug. In CEE, only Kompava (CZ/SK); PL sells capsules and powder only.
A4: Sea moss | B4: =COUNTIFS(Products!$B$2:$B$30,A4,Products!$C$2:$C$30,"West – proof") -> 2 | C4: =COUNTIFS(Products!$B$2:$B$30,A4,Products!$C$2:$C$30,"CEE – competitor") -> 0 | D4: =IFERROR(AVERAGEIFS(Products!$P$2:$P$30,Products!$B$2:$B$30,A4,Products!$C$2:$C$30,"West – proof"),"–") -> 0.360555 | E4: =IFERROR(AVERAGEIFS(Products!$P$2:$P$30,Products!$B$2:$B$30,A4,Products!$C$2:$C$30,"CEE – competitor"),"–") -> – | F4: =IF(COUNTIFS(Products!$B$2:$B$30,A4,Products!$R$2:$R$30,"<>")=0,"Not counted yet",SUMIFS(Products!$R$2:$R$30,Products!$B$2:$B$30,A4)) -> Not counted yet | G4: STRONG | H4: H&B's best-selling product of the year. No sea moss gummy found in PL or RO. Watch the iodine level per serving.
A5: Shilajit | B5: =COUNTIFS(Products!$B$2:$B$30,A5,Products!$C$2:$C$30,"West – proof") -> 2 | C5: =COUNTIFS(Products!$B$2:$B$30,A5,Products!$C$2:$C$30,"CEE – competitor") -> 2 | D5: =IFERROR(AVERAGEIFS(Products!$P$2:$P$30,Products!$B$2:$B$30,A5,Products!$C$2:$C$30,"West – proof"),"–") -> 0.3115 | E5: =IFERROR(AVERAGEIFS(Products!$P$2:$P$30,Products!$B$2:$B$30,A5,Products!$C$2:$C$30,"CEE – competitor"),"–") -> 0.86041417 | F5: =IF(COUNTIFS(Products!$B$2:$B$30,A5,Products!$R$2:$R$30,"<>")=0,"Not counted yet",SUMIFS(Products!$R$2:$R$30,Products!$B$2:$B$30,A5)) -> Not counted yet | G5: GOOD – price gap | H5: Only a weak marketplace seller (PL/CZ) and an expensive GNC import (RO). Allowed only as a food supplement in the EU.
A6: Colostrum | B6: =COUNTIFS(Products!$B$2:$B$30,A6,Products!$C$2:$C$30,"West – proof") -> 1 | C6: =COUNTIFS(Products!$B$2:$B$30,A6,Products!$C$2:$C$30,"CEE – competitor") -> 0 | D6: =IFERROR(AVERAGEIFS(Products!$P$2:$P$30,Products!$B$2:$B$30,A6,Products!$C$2:$C$30,"West – proof"),"–") -> – | E6: =IFERROR(AVERAGEIFS(Products!$P$2:$P$30,Products!$B$2:$B$30,A6,Products!$C$2:$C$30,"CEE – competitor"),"–") -> – | F6: =IF(COUNTIFS(Products!$B$2:$B$30,A6,Products!$R$2:$R$30,"<>")=0,"Not counted yet",SUMIFS(Products!$R$2:$R$30,Products!$B$2:$B$30,A6)) -> Not counted yet | G6: EARLY BET | H6: Still early in the West. PL knows colostrum but buys capsules and powder.
A7: Electrolyte | B7: =COUNTIFS(Products!$B$2:$B$30,A7,Products!$C$2:$C$30,"West – proof") -> 2 | C7: =COUNTIFS(Products!$B$2:$B$30,A7,Products!$C$2:$C$30,"CEE – competitor") -> 0 | D7: =IFERROR(AVERAGEIFS(Products!$P$2:$P$30,Products!$B$2:$B$30,A7,Products!$C$2:$C$30,"West – proof"),"–") -> 0.68277857 | E7: =IFERROR(AVERAGEIFS(Products!$P$2:$P$30,Products!$B$2:$B$30,A7,Products!$C$2:$C$30,"CEE – competitor"),"–") -> – | F7: =IF(COUNTIFS(Products!$B$2:$B$30,A7,Products!$R$2:$R$30,"<>")=0,"Not counted yet",SUMIFS(Products!$R$2:$R$30,Products!$B$2:$B$30,A7)) -> Not counted yet | G7: EARLY BET | H7: Small even in the West; works as a summer line extension.
A8: Beauty / hair | B8: =COUNTIFS(Products!$B$2:$B$30,A8,Products!$C$2:$C$30,"West – proof") -> 2 | C8: =COUNTIFS(Products!$B$2:$B$30,A8,Products!$C$2:$C$30,"CEE – competitor") -> 0 | D8: =IFERROR(AVERAGEIFS(Products!$P$2:$P$30,Products!$B$2:$B$30,A8,Products!$C$2:$C$30,"West – proof"),"–") -> 0.46827639 | E8: =IFERROR(AVERAGEIFS(Products!$P$2:$P$30,Products!$B$2:$B$30,A8,Products!$C$2:$C$30,"CEE – competitor"),"–") -> – | F8: =IF(COUNTIFS(Products!$B$2:$B$30,A8,Products!$R$2:$R$30,"<>")=0,"Not counted yet",SUMIFS(Products!$R$2:$R$30,Products!$B$2:$B$30,A8)) -> Not counted yet | G8: CROWDED | H8: GymBeam Pink Beauty, Swanson and others already sell in CEE. Use only as an extension of a femhealth brand.
A9: Creatine (crowded) | B9: =COUNTIFS(Products!$B$2:$B$30,A9,Products!$C$2:$C$30,"West – proof") -> 1 | C9: =COUNTIFS(Products!$B$2:$B$30,A9,Products!$C$2:$C$30,"CEE – competitor") -> 3 | D9: =IFERROR(AVERAGEIFS(Products!$P$2:$P$30,Products!$B$2:$B$30,A9,Products!$C$2:$C$30,"West – proof"),"–") -> 0.32487 | E9: =IFERROR(AVERAGEIFS(Products!$P$2:$P$30,Products!$B$2:$B$30,A9,Products!$C$2:$C$30,"CEE – competitor"),"–") -> 0.27129444 | F9: =IF(COUNTIFS(Products!$B$2:$B$30,A9,Products!$R$2:$R$30,"<>")=0,"Not counted yet",SUMIFS(Products!$R$2:$R$30,Products!$B$2:$B$30,A9)) -> Not counted yet | G9: AVOID | H9: GymBeam sells in all 9 countries; Weider, Swanson, AlphaBear and Re.Fuel in PL; Applied Nutrition in GR.

Sheet FX
A1: Exchange rates used for EUR conversion
A2: Approximate rates (assumption, not live). Edit the blue cells and every EUR column recalculates.
A4: Currency | B4: EUR per 1 unit
A5: EUR | B5: 1
A6: GBP | B6: 1.17
A7: CHF | B7: 1.07
A8: USD | B8: 0.92
A9: PLN | B9: 0.235
A10: RON | B10: 0.2
A11: CZK | B11: 0.04
